<?xml version="1.0" encoding="UTF-8"?>
<!--
~  Copyright (c) 2017, WSO2 Inc. (http://wso2.com) All Rights Reserved.
~
~  WSO2 Inc. licenses this file to you under the Apache License,
~  Version 2.0 (the "License"); you may not use this file except
~  in compliance with the License.
~  You may obtain a copy of the License at
~
~   http://www.apache.org/licenses/LICENSE-2.0
~
~  Unless required by applicable law or agreed to in writing,
~  software distributed under the License is distributed on an
~  "AS IS" BASIS, WITHOUT WARRANTIES OR CONDITIONS OF ANY
~  KIND, either express or implied.  See the License for the
~  specific language governing permissions and limitations
~  under the License.
-->

<template xmlns="http://ws.apache.org/ns/synapse" name="publishMessages">
    <parameter name="topic" description="maintains feeds of messages in categories"/>
    <parameter name="message" description="the messages can be xml or json message"/>
    <parameter name="partitionNo" description="The value of the partition Number"/>
    <parameter name="contentType" description="The value of the Content Type"/>
    <parameter name="key" description="The key of the message"/>
    <parameter name="keySchema" description="The avro schema of the key"/>
    <parameter name="keySchemaId" description="The id of the registered key schema"/>
    <parameter name="valueSchema" description="The avro schema of the value"/>
    <parameter name="valueSchemaId" description="The id of the registered value/message schema"/>
    <parameter name="keySchemaSubject" description="The subject of the message schema"/>
    <parameter name="keySchemaVersion" description="The version of the registered value/message schema"/>
    <parameter name="keySchemaSoftDeleted" description="Whether soft deleted key schemas also needed"/>
    <parameter name="valueSchemaSubject" description="The subject of the registered value/message schema"/>
    <parameter name="valueSchemaVersion" description="The version of the registered value/message schema"/>
    <parameter name="valueSchemaSoftDeleted" description="Whether soft deleted value schemas also needed"/>
    <parameter name="value" description="The actual value/message to be sent" />
    <sequence>
        <class name="org.wso2.carbon.connector.KafkaProduceConnector"/>
    </sequence>
</template>